Workbook

Sheet Epoki
A1: Epoka imperium | B1: Ludzi na 1 ludka | C1: Max rekrutów na 1 ludka | D1: Koszt werbu 1 jednostki | F1: Ekw. jednostek z puli = rekruci_bieżący ÷ koszt werbu (neutralne względem epoki przy tym samym % puli).
A2: 1 | B2: 10000 | C2: 1000 | D2: 100
A3: 2 | B3: 20000 | C3: 2000 | D3: 200
A4: 3 | B4: 40000 | C4: 4000 | D4: 400
A5: 4 | B5: 80000 | C5: 8000 | D5: 800
A6: 5 | B6: 160000 | C6: 16000 | D6: 1600
A7: 6 | B7: 320000 | C7: 32000 | D7: 3200
A8: 7 | B8: 640000 | C8: 64000 | D8: 6400
A9: 8 | B9: 1200000 | C9: 120000 | D9: 12000
A10: 9 | B10: 2400000 | C10: 240000 | D10: 24000
A11: 10 | B11: 4800000 | C11: 480000 | D11: 48000

Sheet Kalkulator
A1: POWER — kalkulator P-A (The Game · Maciej)
A2: BEZ × epoki. Ludność = LUDKI. Rekruci = EKW. JEDNOSTEK (pula ÷ koszt werbu w epoce) — skaluje z grą, bez sufitu 100. Żółte wpisy · zielone współczynniki · niebieskie NOWE
A3: WEJŚCIA (scenariusz)
A4: Epoka imperium (1–10) — koszt werbu + INFO | B4: 1 | D4: Power (= suma, bez × epoka) | E4: =E5
A5: Suma ludków (sloty populacji, wszystkie miasta) | B5: 100 | D5: powerBase (suma składników) | E5: =SUM(D19:D27)
A6: Jednostki na mapie | B6: 10 | D6: Mnożnik epoki (ODRZUCONE) | E6: 1 | F6: Było ×E — zaburzało balans (skok epoki = ×2 Power)
A7: Wygrane bitwy (łącznie) | B7: 10
A8: Rekruci — bieżąca pula | B8: 8000
A9: Miasta | B9: 10
A10: Heksy terytorium | B10: 500
A11: Budynki wybudowane | B11: 60
A12: Odkrycia / tech zbadane | B12: 16
A13: Ulepszenia w terenie | B13: 50
A14: Ludność absolutna (INFO — nie w Power) | B14: =B5*VLOOKUP(B4,Epoki!$A$2:$B$11,2,FALSE)
A15: Max rekrutów imperium (INFO) | B15: =B5*VLOOKUP(B4,Epoki!$A$2:$C$11,3,FALSE)
A16: Koszt werbu 1 jednostki (INFO) | B16: =VLOOKUP(B4,Epoki!$A$2:$D$11,4,FALSE)
A17: Ekwiwalent jednostek z puli (→ Power) | B17: =IF(B16=0,0,FLOOR(B8/B16,1))
A18: Składnik | B18: Surowa liczba | C18: Współczynnik | D18: Suma punktów | E18: Waga stary model % | F18: Równoważnik / uwagi | G18: % bazy
A19: Armia (jednostki) | B19: =B6 | C19: 25 | D19: =B19*C19 | E19: — | F19: 1 jedn. = 0,5 miasta | G19: =IF($E$5=0,0,D19/$E$5)
A20: Wygrane bitwy | B20: =B7 | C20: 25 | D20: =B20*C20 | E20: — | F20: 1 bitwa = 1 jednostka (pkt) | G20: =IF($E$5=0,0,D20/$E$5)
A21: Ludki (sloty populacji) | B21: =B5 | C21: 5 | D21: =B21*C21 | E21: — | F21: NIE ludność abs · ~10 ludków/miasto @ 10 miast = ~100 | G21: =IF($E$5=0,0,D21/$E$5)
A22: Rekruci (ekw. jednostek z puli) | B22: =B17 | C22: 5 | D22: =B22*C22 | E22: — | F22: pula ÷ koszt werbu · pełna pula ≈ ludki×10 szt. | G22: =IF($E$5=0,0,D22/$E$5)
A23: Miasta | B23: =B9 | C23: 50 | D23: =B23*C23 | E23: — | F23: 1 miasto = 2 jednostki (pkt) | G23: =IF($E$5=0,0,D23/$E$5)
A24: Terytorium (heksy) | B24: =B10 | C24: 0.5 | D24: =B24*C24 | E24: — | F24: 100 heks = 1 miasto (pkt) | G24: =IF($E$5=0,0,D24/$E$5)
A25: Budynki | B25: =B11 | C25: 5 | D25: =B25*C25 | E25: — | F25: zastępuje stary slot gospodarka | G25: =IF($E$5=0,0,D25/$E$5)
A26: Odkrycia / tech zbadane | B26: =B12 | C26: 20 | D26: =B26*C26 | E26: — | F26: Progres zamiast mnożnika epoki | G26: =IF($E$5=0,0,D26/$E$5)
A27: Ulepszenia w terenie | B27: =B13 | C27: 5 | D27: =B27*C27 | E27: — | F27: farmy, drogi, hodowla… | G27: =IF($E$5=0,0,D27/$E$5)
A30: PORÓWNANIE (nie w Power) — stary sposób ludności abs.
A31: Gdyby: ludność abs /1000 | B31: =FLOOR(B14/1000,1) | C31: 1 | D31: =B31*C31 | F31: Podwojenie przy skoku epoki — dlaczego odrzuciliśmy
A32: Gdyby: Power × epoka | B32: =B4 | C32: 1 | D32: =E5*B32 | F32: Stary model v2 — odrzucony
A33: Gdyby: rekruci % max × 1 (sufit 100) | B33: =B18 | C33: 1 | D33: =B33*C33 | F33: Traci znaczenie gdy inne składniki rosną — odrzucone
A34: Gdyby: rekruci /100 × 1 | B34: =FLOOR(B8/100,1) | C34: 1 | D34: =B34*C34 | F34: Surowa pula rośnie z epoką — odrzucone

Sheet Test skok epoki
A1: Test: 10 ludków, 6 jedn., 2 bitwy, reszta jak spec — tylko epoka się zmienia
B3: Kamień ep.1 | C3: Brąz ep.2 | D3: Różnica
A4: Epoka | B4: 1 | C4: 2 | D4: =C4-B4
A5: Suma ludków | B5: 10 | C5: 10 | D5: 0
A6: Jednostki | B6: 6 | C6: 6 | D6: 0
A7: Bitwy | B7: 2 | C7: 2 | D7: 0
A8: Rekruci pula | B8: 8000 | C8: 16000 | D8: =C8-B8
A9: Miasta | B9: 1 | C9: 1 | D9: 0
A10: Heksy | B10: 45 | C10: 45 | D10: 0
A11: Budynki | B11: 6 | C11: 6 | D11: 0
A12: Tech zbadane | B12: 8 | C12: 9 | D12: =C12-B12
A13: Ulepszenia | B13: 12 | C13: 12 | D13: 0
A15: Ludność abs (INFO) | B15: =B5*VLOOKUP(B4,Epoki!$A$2:$B$11,2,FALSE) | C15: =C5*VLOOKUP(C4,Epoki!$A$2:$B$11,2,FALSE) | D15: =C15-B15
A16: Pkt gdyby abs/1000 (stary) | B16: =FLOOR(B15/1000,1) | C16: =FLOOR(C15/1000,1) | D16: =C16-B16
A17: Pkt ludki×12 (nowy) | B17: =B5*12 | C17: =C5*12 | D17: 0
A18: Power × epoka (odrzucone) | B18: 478 | C18: =956 | D18: =C18-B18
A19: Koszt werbu 1 jedn. | B19: =VLOOKUP(B4,Epoki!$A$2:$D$11,4,FALSE) | C19: =VLOOKUP(C4,Epoki!$A$2:$D$11,4,FALSE) | D19: =C19-B19
A20: Ekw. jednostek (pula÷koszt) | B20: =IF(B19=0,0,FLOOR(B8/B19,1)) | C20: =IF(C19=0,0,FLOOR(C8/C19,1)) | D20: =C20-B20
A22: Przy 80% puli: ep.1 8000/100=80 · ep.2 16000/200=80 — ten sam mobilization Power.
A23: Wniosek: skok epoki nie podbija Power bez realnego wzrostu imperium.

Sheet Scenariusze
A1: Scenariusze — skopiuj do Kalkulator!B4:B13
A3: Parametr | B3: Start ep.1 | C3: Mid ep.3 | D3: Late ep.7 | E3: Równe cyw · ep1 | F3: Równe cyw · ep2 +1 tech
A4: Epoka | B4: 1 | C4: 3 | D4: 7 | E4: 1 | F4: 2
A5: Suma ludków | B5: 10 | C5: 20 | D5: 30 | E5: 10 | F5: 10
A6: Jednostki | B6: 3 | C6: 10 | D6: 25 | E6: 6 | F6: 6
A7: Wygrane bitwy | B7: 0 | C7: 3 | D7: 12 | E7: 2 | F7: 2
A8: Rekruci (pula) | B8: 5000 | C8: 12000 | D8: 60000 | E8: 8000 | F8: 16000
A9: Miasta | B9: 1 | C9: 2 | D9: 4 | E9: 1 | F9: 1
A10: Heksy | B10: 30 | C10: 55 | D10: 120 | E10: 45 | F10: 45
A11: Budynki | B11: 2 | C11: 8 | D11: 24 | E11: 6 | F11: 6
A12: Tech zbadane | B12: 3 | C12: 12 | D12: 35 | E12: 8 | F12: 9
A13: Ulepszenia terenu | B13: 4 | C13: 18 | D13: 60 | E13: 12 | F13: 12
A16: Kolumny E–F: ten sam % puli (80%) — ep.2 ma 2× rekrutów i 2× koszt werbu → ten sam ekw. jednostek

Sheet Stary model wag
A1: Historia wag % + odrzucone elementy v2
A3: Klucz | B3: Waga % | C3: Status | D3: W modelu P-A (Excel)
A4: wielkoscArmii | B4: 24 | C4: stary 0–100 | D4: Armia ×10
A5: wygraneBitwy | B5: 17 | C5: stary 0–100 | D5: Bitwy ×25
A6: ludnosc | B6: 15 | C6: stary 0–100 | D6: → Ludki ×12 (NIE abs/1000)
A7: rekruci | B7: 15 | C7: stary 0–100 | D7: → ekw. jednostek (pula÷koszt) ×10
A8: miasta | B8: 12 | C8: stary 0–100 | D8: Miasta ×50 + heksy ×2
A9: gospodarka | B9: 10 | C9: stary 0–100 | D9: → Budynki ×8
A10: epoka | B10: 7 | C10: stary 0–100 | D10: ODRZUCONE jako mnożnik
A11: — | B11: — | C11: NOWE | D11: Tech zbadane ×15 · ulepszenia ×5
